ID,OrderID,Status,Participants,ParticipantsDoneAt,DoneAt,CreatedAt,UpdatedAt,TimeoutAt,RetryCount,MaxRetries,LastRetryAt,FailureReason,CommitTimestamp
01JYVZD1GV0JKR8K3W0Q1B8W2H,01JYVZD1GV0JKR8K3W0S83E1G7,committed,hotel:committed;car:committed;train:committed,hotel:1751138077651;car:1751138077767;train:1751138077886,,1751138076187,1751138077951,1751138106187,0,3,,,1751138077951
01JYVZD1GYDRRCM9835QCGTH0J,01JYVZD1GYDRRCM9835RXGWXER,committed,hotel:committed;car:committed;train:committed,hotel:1751138077659;car:1751138077776;train:1751138077897,,1751138076190,1751138077951,1751138106190,0,3,,,1751138077951
01JYVZD1J7JF2C456KMWBEX2JS,01JYVZD1J7JF2C456KMYAJZYKY,committed,hotel:committed;car:committed;train:committed,hotel:1751138077637;car:1751138077761;train:1751138077881,,1751138076231,1751138077927,1751138106231,0,3,,,1751138077927
01JYVZD1JCGKWENKADRS1E34B2,01JYVZD1JCGKWENKADRSFZT9A6,committed,hotel:committed;car:committed;train:committed,hotel:1751138077663;car:1751138077796;train:1751138077920,,1751138076236,1751138077980,1751138106236,0,3,,,1751138077980
01JYVZD1JEJM6560CW97CW1E7M,01JYVZD1JEJM6560CW9AVASFAW,committed,hotel:committed;car:committed;train:committed,hotel:1751138077646;car:1751138077768;train:1751138077897,,1751138076238,1751138077951,1751138106238,0,3,,,1751138077951
01JYVZD1JP6PSPTV2AH19DDK5H,01JYVZD1JP6PSPTV2AH1R4Q8E5,committed,hotel:committed;car:committed;train:committed,hotel:1751138077664;car:1751138077796;train:1751138077920,,1751138076246,1751138077980,1751138106246,0,3,,,1751138077980
01JYVZD1JTAAH5EG09NC5DD8BD,01JYVZD1JTAAH5EG09NFXDG7QE,committed,hotel:committed;car:committed;train:committed,hotel:1751138077663;car:1751138077781;train:1751138077892,,1751138076250,1751138077950,1751138106250,0,3,,,1751138077950
01JYVZD1KKFYBANTZA8GQMXSBC,01JYVZD1KKFYBANTZA8K2WGFKA,committed,hotel:committed;car:committed;train:committed,hotel:1751138077663;car:1751138077789;train:1751138077920,,1751138076275,1751138077980,1751138106275,0,3,,,1751138077980
01JYVZD1M4Q8A3DNVSFNNHSY3C,01JYVZD1M4Q8A3DNVSFR6RT84X,committed,hotel:committed;car:committed;train:committed,hotel:1751138077646;car:1751138077761;train:1751138077877,,1751138076292,1751138077925,1751138106292,0,3,,,1751138077925
01JYVZD1M4Q8A3DNVSFS81HGWH,01JYVZD1M4Q8A3DNVSFWRE2R1E,committed,hotel:committed;car:committed;train:committed,hotel:1751138077665;car:1751138077789;train:1751138077920,,1751138076292,1751138077980,1751138106292,0,3,,,1751138077980
01JYVZD1M4Q8A3DNVSFYYYT22W,01JYVZD1M4Q8A3DNVSG2D35W28,committed,hotel:committed;car:committed;train:committed,hotel:1751138077660;car:1751138077790;train:1751138077913,,1751138076292,1751138077966,1751138106292,0,3,,,1751138077966
01JYVZD1M5XF1HCVBTKKDWAHQ3,01JYVZD1M5XF1HCVBTKP95Q69V,committed,hotel:committed;car:committed;train:committed,hotel:1751138077640;car:1751138077763;train:1751138077886,,1751138076293,1751138077945,1751138106293,0,3,,,1751138077945
01JYVZD1M5XF1HCVBTKPE8JDBS,01JYVZD1M5XF1HCVBTKPV72JDZ,committed,hotel:committed;car:committed;train:committed,hotel:1751138077651;car:1751138077766;train:1751138077888,,1751138076293,1751138077950,1751138106293,0,3,,,1751138077950
01JYVZD1MJWPG11MZTDJRDFEBM,01JYVZD1MJWPG11MZTDKHTFCN3,committed,hotel:committed;car:committed;train:committed,hotel:1751138077619;car:1751138077737;train:1751138077873,,1751138076306,1751138077920,1751138106306,0,3,,,1751138077920
01JYVZD1MY3BBYZ3R6RKSG7TT0,01JYVZD1MY3BBYZ3R6RQNV1C1H,committed,hotel:committed;car:committed;train:committed,hotel:1751138077609;car:1751138077735;train:1751138077856,,1751138076318,1751138077910,1751138106318,0,3,,,1751138077910
01JYVZD28N3K0ZTNXHNBQ9SY9S,01JYVZD28N3K0ZTNXHNCVXPZ9B,committed,hotel:committed;car:committed;train:committed,hotel:1751138077664;car:1751138077790;train:1751138077907,,1751138076949,1751138077966,1751138106949,0,3,,,1751138077966
01JYVZD2A263Z6706XVXTYCWX0,01JYVZD2A263Z6706XVZ2BCM06,committed,hotel:committed;car:committed;train:committed,hotel:1751138077651;car:1751138077768;train:1751138077896,,1751138076994,1751138077951,1751138106994,0,3,,,1751138077951
01JYVZD2CDDGK9BGQAAAVGGP30,01JYVZD2CDDGK9BGQAAB8JFGDA,committed,hotel:committed;car:committed;train:committed,hotel:1751138077723;car:1751138077857;train:1751138077975,,1751138077069,1751138078021,1751138107069,0,3,,,1751138078021
01JYVZD2FCYV8NEBRMWQ8QDKMT,01JYVZD2FCYV8NEBRMWT06Q748,committed,hotel:committed;car:committed;train:committed,hotel:1751138077804;car:1751138077951;train:1751138078072,,1751138077164,1751138078121,1751138107164,0,3,,,1751138078121
01JYVZD2JFMSBE882ZW8P5YACY,01JYVZD2JFMSBE882ZWCC9D77D,committed,hotel:committed;car:committed;train:committed,hotel:1751138077921;car:1751138078042;train:1751138078154,,1751138077263,1751138078203,1751138107263,0,3,,,1751138078203
01JYVZD2NV8ZFCW2W2ATTQ1YTA,01JYVZD2NV8ZFCW2W2ATWAXC04,committed,hotel:committed;car:committed;train:committed,hotel:1751138078032;car:1751138078150;train:1751138078272,,1751138077371,1751138078320,1751138107371,0,3,,,1751138078320
01JYVZD2RM0SDGWYTSSET571AE,01JYVZD2RM0SDGWYTSSJSPH3WJ,committed,hotel:committed;car:committed;train:committed,hotel:1751138078110;car:1751138078228;train:1751138078341,,1751138077460,1751138078391,1751138107460,0,3,,,1751138078391
01JYVZD2VDM8DA44K86TTJA43V,01JYVZD2VDM8DA44K86TXHYE76,committed,hotel:committed;car:committed;train:committed,hotel:1751138078169;car:1751138078299;train:1751138078419,,1751138077549,1751138078474,1751138107549,0,3,,,1751138078474
01JYVZD2YMCMFJJ1CGEF5K870D,01JYVZD2YMCMFJJ1CGEH1J9REH,committed,hotel:committed;car:committed;train:committed,hotel:1751138078272;car:1751138078387;train:1751138078509,,1751138077652,1751138078571,1751138107652,0,3,,,1751138078571
01JYVZD31T9RNFGBVBMXZED7QS,01JYVZD31T9RNFGBVBN1APB330,committed,hotel:committed;car:committed;train:committed,hotel:1751138078391;car:1751138078502;train:1751138078619,,1751138077754,1751138078672,1751138107754,0,3,,,1751138078672
01JYVZD353YWHZM4FPC2CEBAV3,01JYVZD353YWHZM4FPC4MSZBB9,committed,hotel:committed;car:committed;train:committed,hotel:1751138078484;car:1751138078612;train:1751138078737,,1751138077859,1751138078790,1751138107859,0,3,,,1751138078790
01JYVZD380XJRE7ZTDDT5HMAJJ,01JYVZD380XJRE7ZTDDWQWV58R,committed,hotel:committed;car:committed;train:committed,hotel:1751138078549;car:1751138078664;train:1751138078790,,1751138077952,1751138078841,1751138107952,0,3,,,1751138078841
01JYVZD3AS6X080E29X9DZGAY2,01JYVZD3AS6X080E29XBAE3W9V,committed,hotel:committed;car:committed;train:committed,hotel:1751138078666;car:1751138078793;train:1751138078906,,1751138078041,1751138078962,1751138108041,0,3,,,1751138078962
01JYVZD3DJMG6XD37E5Y3548BA,01JYVZD3DJMG6XD37E5Y95DS8G,committed,hotel:committed;car:committed;train:committed,hotel:1751138078740;car:1751138078862;train:1751138078982,,1751138078130,1751138079033,1751138108130,0,3,,,1751138079033
01JYVZD3GFGPA432G4VAC04ERW,01JYVZD3GFGPA432G4VBT9PWWC,committed,hotel:committed;car:committed;train:committed,hotel:1751138078849;car:1751138078970;train:1751138079089,,1751138078223,1751138079137,1751138108223,0,3,,,1751138079137
01JYVZD3KEWKYV2C7WSNK65CFF,01JYVZD3KEWKYV2C7WSQJFGAJ1,committed,hotel:committed;car:committed;train:committed,hotel:1751138078944;car:1751138079068;train:1751138079190,,1751138078318,1751138079241,1751138108318,0,3,,,1751138079241
01JYVZD3PC6TNFMG75QZP4E02V,01JYVZD3PC6TNFMG75R37J34N8,committed,hotel:committed;car:committed;train:committed,hotel:1751138079042;car:1751138079158;train:1751138079272,,1751138078412,1751138079324,1751138108412,0,3,,,1751138079324
01JYVZD3SF5N477631BY8M0ZD5,01JYVZD3SF5N477631C0MVEJCA,committed,hotel:committed;car:committed;train:committed,hotel:1751138079137;car:1751138079248;train:1751138079373,,1751138078511,1751138079425,1751138108511,0,3,,,1751138079425
01JYVZD3X2AQT631A01VADDP53,01JYVZD3X2AQT631A01Z5DTHZV,committed,hotel:committed;car:committed;train:committed,hotel:1751138079261;car:1751138079378;train:1751138079488,,1751138078626,1751138079549,1751138108626,0,3,,,1751138079549
01JYVZD4084BYPEGXQH79REAFZ,01JYVZD4084BYPEGXQH7FVCPRW,committed,hotel:committed;car:committed;train:committed,hotel:1751138079360;car:1751138079481;train:1751138079595,,1751138078728,1751138079641,1751138108728,0,3,,,1751138079641
01JYVZD4347PVT27QFZN613A5E,01JYVZD4347PVT27QFZQF400BV,committed,hotel:committed;car:committed;train:committed,hotel:1751138079442;car:1751138079561;train:1751138079683,,1751138078820,1751138079734,1751138108820,0,3,,,1751138079734
01JYVZD45Y5AH6RJ29F78DJP83,01JYVZD45Y5AH6RJ29FA62JGZJ,committed,hotel:committed;car:committed;train:committed,hotel:1751138079527;car:1751138079641;train:1751138079761,,1751138078910,1751138079812,1751138108910,0,3,,,1751138079812
01JYVZD493X7G68RDRRXF871G0,01JYVZD493X7G68RDRS029YFZY,committed,hotel:committed;car:committed;train:committed,hotel:1751138079631;car:1751138079744;train:1751138079859,,1751138079011,1751138079907,1751138109011,0,3,,,1751138079907
01JYVZD4BYC027WHKFE0383BZ8,01JYVZD4BYC027WHKFE0P7HC34,committed,hotel:committed;car:committed;train:committed,hotel:1751138079716;car:1751138079839;train:1751138079961,,1751138079102,1751138080014,1751138109102,0,3,,,1751138080014
01JYVZD4EMX6V5WKMGSKESB8HA,01JYVZD4EMX6V5WKMGSPPAVJ58,committed,hotel:committed;car:committed;train:committed,hotel:1751138079824;car:1751138079940;train:1751138080059,,1751138079188,1751138080114,1751138109188,0,3,,,1751138080114
01JYVZD4HHV99NFSE4A60AGEPY,01JYVZD4HHV99NFSE4A6WZXEHD,committed,hotel:committed;car:committed;train:committed,hotel:1751138079878;car:1751138079999;train:1751138080114,,1751138079281,1751138080172,1751138109281,0,3,,,1751138080172
01JYVZD4MNJC2JSA2X08CG1AM1,01JYVZD4MNJC2JSA2X0BXGQ4SA,committed,hotel:committed;car:committed;train:committed,hotel:1751138079999;car:1751138080118;train:1751138080237,,1751138079381,1751138080286,1751138109381,0,3,,,1751138080286
01JYVZD4QN3KSVC1ZM1GJQPWZX,01JYVZD4QN3KSVC1ZM1H37V737,committed,hotel:committed;car:committed;train:committed,hotel:1751138080098;car:1751138080222;train:1751138080339,,1751138079477,1751138080387,1751138109477,0,3,,,1751138080387
01JYVZD4V21F14SY74A26F8NV1,01JYVZD4V21F14SY74A5SQDZ2S,committed,hotel:committed;car:committed;train:committed,hotel:1751138080213;car:1751138080333;train:1751138080452,,1751138079586,1751138080543,1751138109586,0,3,,,1751138080543
01JYVZD4XSVT196ZM8ZCXFEQKE,01JYVZD4XSVT196ZM8ZD5F7ZEK,committed,hotel:committed;car:committed;train:committed,hotel:1751138080280;car:1751138080399;train:1751138080545,,1751138079673,1751138080632,1751138109673,0,3,,,1751138080632
01JYVZD50SFVWCE9SJ2DW6CM4P,01JYVZD50SFVWCE9SJ2E1J276K,committed,hotel:committed;car:committed;train:committed,hotel:1751138080381;car:1751138080543;train:1751138080672,,1751138079769,1751138080722,1751138109769,0,3,,,1751138080722
01JYVZD53RQPW59VHY3DY10S9T,01JYVZD53RQPW59VHY3HXA29J0,committed,hotel:committed;car:committed;train:committed,hotel:1751138080545;car:1751138080697;train:1751138080813,,1751138079864,1751138080860,1751138109864,0,3,,,1751138080860
01JYVZD56R0KE4PBFPJ6BYYR2R,01JYVZD56R0KE4PBFPJ6XNMHBF,committed,hotel:committed;car:committed;train:committed,hotel:1751138080603;car:1751138080723;train:1751138080849,,1751138079960,1751138080902,1751138109960,0,3,,,1751138080902
01JYVZD59NPSRWMGASCZDQSGNR,01JYVZD59NPSRWMGASD02HEXCZ,committed,hotel:committed;car:committed;train:committed,hotel:1751138080719;car:1751138080837;train:1751138080956,,1751138080053,1751138081002,1751138110053,0,3,,,1751138081002
01JYVZD5CS85K24ZFX5JQC3ZMH,01JYVZD5CS85K24ZFX5MH3GHM8,committed,hotel:committed;car:committed;train:committed,hotel:1751138080829;car:1751138080950;train:1751138081066,,1751138080153,1751138081114,1751138110153,0,3,,,1751138081114
01JYVZD5FWTBJA7YJZD0E2KWF3,01JYVZD5FWTBJA7YJZD46KRW2K,committed,hotel:committed;car:committed;train:committed,hotel:1751138080920;car:1751138081030;train:1751138081157,,1751138080252,1751138081215,1751138110252,0,3,,,1751138081215
01JYVZD5JYF3VKHRDF00CKFQ96,01JYVZD5JYF3VKHRDF02N3EGMA,committed,hotel:committed;car:committed;train:committed,hotel:1751138080999;car:1751138081118;train:1751138081255,,1751138080350,1751138081315,1751138110350,0,3,,,1751138081315
01JYVZD5NTMQSFH2W1JPKR2HCD,01JYVZD5NTMQSFH2W1JQVN5QX2,committed,hotel:committed;car:committed;train:committed,hotel:1751138081109;car:1751138081226;train:1751138081348,,1751138080442,1751138081399,1751138110442,0,3,,,1751138081399
01JYVZD5VXZ2A3JV54CV1BAMWF,01JYVZD5VXZ2A3JV54CYDPFHSD,committed,hotel:committed;car:committed;train:committed,hotel:1751138081255;car:1751138081382;train:1751138081501,,1751138080637,1751138081549,1751138110637,0,3,,,1751138081549
01JYVZD5WHNCDAT6CQM6BK4PM8,01JYVZD5WHNCDAT6CQM7MCMQ4X,committed,hotel:committed;car:committed;train:committed,hotel:1751138081326;car:1751138081448;train:1751138081574,,1751138080657,1751138081626,1751138110657,0,3,,,1751138081626
01JYVZD5Z4750HCMRF6SV54PYE,01JYVZD5Z4750HCMRF6XQT4VWX,committed,hotel:committed;car:committed;train:committed,hotel:1751138081367;car:1751138081484;train:1751138081604,,1751138080740,1751138081655,1751138110740,0,3,,,1751138081655
01JYVZD621MABRR0CQ4B5SDCNN,01JYVZD621MABRR0CQ4E73Y6MQ,committed,hotel:committed;car:committed;train:committed,hotel:1751138081478;car:1751138081597;train:1751138081715,,1751138080833,1751138081769,1751138110833,0,3,,,1751138081769
01JYVZD64YN0WK18Z50G9BCADK,01JYVZD64YN0WK18Z50M5RXGH3,committed,hotel:committed;car:committed;train:committed,hotel:1751138081553;car:1751138081671;train:1751138081793,,1751138080926,1751138081843,1751138110926,0,3,,,1751138081843
01JYVZD680V13MRC4TZH09Y0RD,01JYVZD680V13MRC4TZK6D06DH,committed,hotel:committed;car:committed;train:committed,hotel:1751138081666;car:1751138081788;train:1751138081906,,1751138081024,1751138081967,1751138111024,0,3,,,1751138081967
01JYVZD6CNQXVQV6DNWWV4YWG4,01JYVZD6CNQXVQV6DNWXFNN43K,committed,hotel:committed;car:committed;train:committed,hotel:1751138081815;car:1751138081939;train:1751138082059,,1751138081173,1751138082111,1751138111173,0,3,,,1751138082111
01JYVZD6FEKSSKXAZPVGWQBF96,01JYVZD6FEKSSKXAZPVHZSADSY,committed,hotel:committed;car:committed;train:committed,hotel:1751138081898;car:1751138082027;train:1751138082144,,1751138081262,1751138082195,1751138111262,0,3,,,1751138082195
01JYVZD6JFJWNYSBFGDGJQHCBM,01JYVZD6JFJWNYSBFGDJJX9PE0,committed,hotel:committed;car:committed;train:committed,hotel:1751138082003;car:1751138082128;train:1751138082251,,1751138081359,1751138082304,1751138111359,0,3,,,1751138082304
01JYVZD6MJQ71GRRH3AYM5AVDN,01JYVZD6MJQ71GRRH3B1GQ2S1F,committed,hotel:committed;car:committed;train:committed,hotel:1751138082038;car:1751138082145;train:1751138082265,,1751138081426,1751138082314,1751138111426,0,3,,,1751138082314
01JYVZD6Q6ECA1XZ3JPB5PGKDM,01JYVZD6Q6ECA1XZ3JPBFMKJE4,committed,hotel:committed;car:committed;train:committed,hotel:1751138082130;car:1751138082251;train:1751138082370,,1751138081510,1751138082421,1751138111510,0,3,,,1751138082421
01JYVZD6TDZYK8HFWWKT15XSKH,01JYVZD6TDZYK8HFWWKVXP0DTB,committed,hotel:committed;car:committed;train:committed,hotel:1751138082246;car:1751138082356;train:1751138082469,,1751138081613,1751138082522,1751138111613,0,3,,,1751138082522
01JYVZD6XA7EZ8V046Y5XVF9VW,01JYVZD6XA7EZ8V046Y67KFGEK,committed,hotel:committed;car:committed;train:committed,hotel:1751138082343;car:1751138082483;train:1751138082604,,1751138081706,1751138082652,1751138111706,0,3,,,1751138082652
01JYVZD70EVYD20Z27SVXDK4HX,01JYVZD70EVYD20Z27SY8RSWE4,committed,hotel:committed;car:committed;train:committed,hotel:1751138082435;car:1751138082564;train:1751138082686,,1751138081806,1751138082736,1751138111806,0,3,,,1751138082736
01JYVZD73BRRS8SDM2RXZ3KEZ7,01JYVZD73BRRS8SDM2S1T9WRMZ,committed,hotel:committed;car:committed;train:committed,hotel:1751138082520;car:1751138082642;train:1751138082760,,1751138081899,1751138082808,1751138111899,0,3,,,1751138082808
01JYVZD76CFKTMHMY5JZSM04ZC,01JYVZD76CFKTMHMY5K3NB9ART,committed,hotel:committed;car:committed;train:committed,hotel:1751138082604;car:1751138082720;train:1751138082836,,1751138081996,1751138082886,1751138111996,0,3,,,1751138082886
01JYVZD79CW54MNEA6HEWYSQBJ,01JYVZD79CW54MNEA6HHA9J9DT,committed,hotel:committed;car:committed;train:committed,hotel:1751138082736;car:1751138082854;train:1751138082988,,1751138082092,1751138083039,1751138112092,0,3,,,1751138083039
01JYVZD7CG801G2V5VBC4JRNMA,01JYVZD7CG801G2V5VBD82HHHQ,committed,hotel:committed;car:committed;train:committed,hotel:1751138082853;car:1751138082969;train:1751138083094,,1751138082192,1751138083143,1751138112192,0,3,,,1751138083143
01JYVZD7FNF83WWKESCYBJBQTC,01JYVZD7FNF83WWKESD0ZB3MS1,committed,hotel:committed;car:committed;train:committed,hotel:1751138082931;car:1751138083054;train:1751138083163,,1751138082293,1751138083216,1751138112293,0,3,,,1751138083216
01JYVZD7JMA41GMNC9BT9F447Z,01JYVZD7JMA41GMNC9BWE9Y0ZS,committed,hotel:committed;car:committed;train:committed,hotel:1751138083006;car:1751138083118;train:1751138083235,,1751138082388,1751138083287,1751138112388,0,3,,,1751138083287
01JYVZD7NP00A5Y2Z5ZVGTF2AR,01JYVZD7NP00A5Y2Z5ZXT56PHW,committed,hotel:committed;car:committed;train:committed,hotel:1751138083140;car:1751138083259;train:1751138083413,,1751138082486,1751138083490,1751138112486,0,3,,,1751138083490
01JYVZD7RKYCRJ4NN9ER9Q2QTQ,01JYVZD7RKYCRJ4NN9ET2V7Y69,committed,hotel:committed;car:committed;train:committed,hotel:1751138083234;car:1751138083413;train:1751138083600,,1751138082579,1751138083654,1751138112579,0,3,,,1751138083654
01JYVZD7VKQ62GJYZ0HR6D7GM0,01JYVZD7VKQ62GJYZ0HVPKXE94,committed,hotel:committed;car:committed;train:committed,hotel:1751138083298;car:1751138083490;train:1751138083623,,1751138082675,1751138083678,1751138112675,0,3,,,1751138083678
01JYVZD7YJDD0Q020H2XWBNWVY,01JYVZD7YJDD0Q020H31BM84RF,committed,hotel:committed;car:committed;train:committed,hotel:1751138083490;car:1751138083623;train:1751138083743,,1751138082770,1751138083796,1751138112770,0,3,,,1751138083796
01JYVZD81MK73FCCD10PK4AX0V,01JYVZD81MK73FCCD10RG805NG,committed,hotel:committed;car:committed;train:committed,hotel:1751138083563;car:1751138083685;train:1751138083803,,1751138082868,1751138083851,1751138112868,0,3,,,1751138083851
01JYVZD84NXYFDP52718RBE7TA,01JYVZD84NXYFDP52719222XEY,committed,hotel:committed;car:committed;train:committed,hotel:1751138083650;car:1751138083763;train:1751138083883,,1751138082965,1751138083931,1751138112965,0,3,,,1751138083931
01JYVZD87MTHXK8RRZ6T77FBK4,01JYVZD87MTHXK8RRZ6WJBMNEA,committed,hotel:committed;car:committed;train:committed,hotel:1751138083762;car:1751138083880;train:1751138084001,,1751138083060,1751138084051,1751138113060,0,3,,,1751138084051
01JYVZD8AW2V24F8J6M13NQBD2,01JYVZD8AW2V24F8J6M2ZF6TZQ,committed,hotel:committed;car:committed;train:committed,hotel:1751138083874;car:1751138083987;train:1751138084103,,1751138083164,1751138084153,1751138113164,0,3,,,1751138084153
01JYVZD8E1VCNJPJSRWAC5MPQD,01JYVZD8E1VCNJPJSRWDYBNMND,committed,hotel:committed;car:committed;train:committed,hotel:1751138083948;car:1751138084072;train:1751138084196,,1751138083265,1751138084250,1751138113265,0,3,,,1751138084250
01JYVZD8QFGX6XZSBWXDVF8NQQ,01JYVZD8QFGX6XZSBWXEWCHVSY,committed,hotel:committed;car:committed;train:committed,hotel:1751138084186;car:1751138084308;train:1751138084429,,1751138083567,1751138084479,1751138113567,0,3,,,1751138084479
01JYVZD8RW954YJ67649TQN525,01JYVZD8RW954YJ6764BN52ADR,committed,hotel:committed;car:committed;train:committed,hotel:1751138084235;car:1751138084361;train:1751138084480,,1751138083612,1751138084534,1751138113612,0,3,,,1751138084534
01JYVZD8S9N28ZCPQBH6G7XD35,01JYVZD8S9N28ZCPQBH8ZTXER0,committed,hotel:committed;car:committed;train:committed,hotel:1751138084225;car:1751138084352;train:1751138084472,,1751138083625,1751138084524,1751138113625,0,3,,,1751138084524
01JYVZD8T8HG0MQ0ZF1RJPB7DZ,01JYVZD8T8HG0MQ0ZF1TQBT0EA,committed,hotel:committed;car:committed;train:committed,hotel:1751138084281;car:1751138084396;train:1751138084513,,1751138083656,1751138084560,1751138113656,0,3,,,1751138084560
01JYVZD8WTVTPF71TDC1SBDWCT,01JYVZD8WTVTPF71TDC1TZN957,committed,hotel:committed;car:committed;train:committed,hotel:1751138084367;car:1751138084493;train:1751138084602,,1751138083738,1751138084657,1751138113738,0,3,,,1751138084657
01JYVZD8ZXWFBZ3HH3TPRPEVJQ,01JYVZD8ZXWFBZ3HH3TS4ZP9CJ,committed,hotel:committed;car:committed;train:committed,hotel:1751138084460;car:1751138084585;train:1751138084702,,1751138083837,1751138084752,1751138113837,0,3,,,1751138084752
01JYVZD9331D37YY6MJ5DW9GAZ,01JYVZD9331D37YY6MJ72TTZ8P,committed,hotel:committed;car:committed;train:committed,hotel:1751138084547;car:1751138084657;train:1751138084768,,1751138083939,1751138084814,1751138113939,0,3,,,1751138084814
01JYVZD9624KW3WBMJR765SRZY,01JYVZD9624KW3WBMJRA0RGKNR,committed,hotel:committed;car:committed;train:committed,hotel:1751138084653;car:1751138084771;train:1751138084886,,1751138084034,1751138084936,1751138114034,0,3,,,1751138084936
01JYVZD98TPXEP09RGZXQJF47J,01JYVZD98TPXEP09RGZYJDRG61,committed,hotel:committed;car:committed;train:committed,hotel:1751138084747;car:1751138084859;train:1751138084974,,1751138084122,1751138085031,1751138114122,0,3,,,1751138085031
01JYVZD9C627SYD53QQBN6TVQT,01JYVZD9C627SYD53QQFC6EE8W,committed,hotel:committed;car:committed;train:committed,hotel:1751138084859;car:1751138084974;train:1751138085094,,1751138084230,1751138085145,1751138114230,0,3,,,1751138085145
01JYVZD9FA9DV0CQ7NN5SGCRAK,01JYVZD9FA9DV0CQ7NN8SZFTGR,committed,hotel:committed;car:committed;train:committed,hotel:1751138084952;car:1751138085066;train:1751138085180,,1751138084330,1751138085229,1751138114330,0,3,,,1751138085229
01JYVZD9J4CB8QVECHW0VCN7KX,01JYVZD9J4CB8QVECHW39NPK11,committed,hotel:committed;car:committed;train:committed,hotel:1751138085039;car:1751138085157;train:1751138085273,,1751138084420,1751138085323,1751138114420,0,3,,,1751138085323
01JYVZD9NEF37W2WH72N8NT24C,01JYVZD9NEF37W2WH72R64PQBZ,committed,hotel:committed;car:committed;train:committed,hotel:1751138085138;car:1751138085251;train:1751138085369,,1751138084526,1751138085420,1751138114526,0,3,,,1751138085420
01JYVZD9R9TC2TR9BHAKJ3Z177,01JYVZD9R9TC2TR9BHAPFCCNSB,committed,hotel:committed;car:committed;train:committed,hotel:1751138085227;car:1751138085344;train:1751138085459,,1751138084617,1751138085511,1751138114617,0,3,,,1751138085511
01JYVZD9V030R3E1SB9VKBHJJ7,01JYVZD9V030R3E1SB9YQP2TED,committed,hotel:committed;car:committed;train:committed,hotel:1751138085302;car:1751138085426;train:1751138085550,,1751138084704,1751138085599,1751138114704,0,3,,,1751138085599
01JYVZD9Y8RK9WC01Y0MMR99AN,01JYVZD9Y8RK9WC01Y0Q1J137X,committed,hotel:committed;car:committed;train:committed,hotel:1751138085410;car:1751138085528;train:1751138085656,,1751138084808,1751138085719,1751138114808,0,3,,,1751138085719
01JYVZDA124ZK80FWKY2TY02YF,01JYVZDA124ZK80FWKY5VY26CF,committed,hotel:committed;car:committed;train:committed,hotel:1751138085500;car:1751138085624;train:1751138085757,,1751138084898,1751138085806,1751138114898,0,3,,,1751138085806
01JYVZDA4DM8TE87PG97WW4G5V,01JYVZDA4DM8TE87PG98PE5803,committed,hotel:committed;car:committed;train:committed,hotel:1751138085623;car:1751138085756;train:1751138085885,,1751138085005,1751138085935,1751138115005,0,3,,,1751138085935
