ID,UserID,Status,HotelRoomID,CarID,TrainSeatID,HotelStartDate,HotelEndDate,CarStartDate,CarEndDate,HotelReservationID,CarReservationID,TrainReservationID,HotelReservationStatus,CarReservationStatus,TrainReservationStatus,HotelReservationFailureReason,CarReservationFailureReason,TrainReservationFailureReason,CarDoneAt,TrainDoneAt,HotelDoneAt,DoneAt,CreatedAt,UpdatedAt
01JYVX73QF8SP18TF5RJF96ZNM,2,BOOKED,marriott-jakarta-102,toyota-avanza-002,argo-bromo-anggrek-2,2025-06-28,2025-06-28,2025-06-28,2025-06-28,01JYVX74NHPNV7HFY8RKP9GWPZ,01JYVX74532NXV24M8KCJ0CSGG,01JYVX74NKZBH0PXCBTQ8A6S1F,BOOKED,BOOKED,BOOKED,,,,1751135785328,1751135786368,1751135786293,1751135786368,1751135784687,1751135786394
01JYVX73QREAPP32MH176ZKGS2,9,BOOKED,marriott-jakarta-109,toyota-avanza-009,argo-bromo-anggrek-9,2025-06-28,2025-06-28,2025-06-28,2025-06-28,01JYVX751E8DMNRXEC98G3VJ30,01JYVX751S3RP9R7Q2CCET9C66,01JYVX74WMW1396RMZH5S8MZC5,BOOKED,BOOKED,BOOKED,,,,1751135787625,1751135787004,1751135787550,1751135787625,1751135784696,1751135787652
01JYVX73QYZHG15V1V6BPZPXEM,5,BOOKED,marriott-jakarta-105,toyota-avanza-005,argo-bromo-anggrek-5,2025-06-28,2025-06-28,2025-06-28,2025-06-28,01JYVX74WMAYEXG41NET65RYZZ,01JYVX74ZFKDN2R6P7BM01DE24,01JYVX756BCYVDKH5CWFWA8PP6,BOOKED,BOOKED,BOOKED,,,,1751135787401,1751135787936,1751135787085,1751135787936,1751135784702,1751135787963
01JYVX73R7Q7301AVEDBZMCXF5,6,BOOKED,marriott-jakarta-106,toyota-avanza-006,argo-bromo-anggrek-6,2025-06-28,2025-06-28,2025-06-28,2025-06-28,01JYVX759A1K85PZDEMTV0368P,01JYVX756DFHSS9P3W3715W789,01JYVX753X0QRX2AEHHV3MKKJC,BOOKED,BOOKED,BOOKED,,,,1751135788019,1751135787783,1751135788259,1751135788259,1751135784711,1751135788285
01JYVX73RD0J8WZK33SWZZF9BT,10,BOOKED,marriott-jakarta-110,toyota-avanza-010,argo-bromo-anggrek-10,2025-06-28,2025-06-28,2025-06-28,2025-06-28,01JYVX74Z42WYK80H6ECRNX626,01JYVX74WXR2RDBDSCT2FRFM76,01JYVX74YTQKGMAG425AZ8QVYV,BOOKED,BOOKED,BOOKED,,,,1751135787168,1751135787244,1751135787320,1751135787320,1751135784717,1751135787348
01JYVX73S7VC82NBSKZNWNM1D5,1,BOOKED,marriott-jakarta-101,toyota-avanza-001,argo-bromo-anggrek-1,2025-06-28,2025-06-28,2025-06-28,2025-06-28,01JYVX74A5ADR5W54BXBDQ7F21,01JYVX74NKB2XF114GBY3HN3VT,01JYVX74J0X76EXBMWG57Y8TSD,BOOKED,BOOKED,BOOKED,,,,1751135786448,1751135786063,1751135785535,1751135786448,1751135784743,1751135786475
01JYVX73SCBQAPFGJPHQP2B28M,4,BOOKED,marriott-jakarta-104,toyota-avanza-004,argo-bromo-anggrek-4,2025-06-28,2025-06-28,2025-06-28,2025-06-28,01JYVX756M68J0HPMEYHP57KDB,01JYVX7542S7KHV5ST7341K330,01JYVX7517772GKRD2WW0AM78Q,BOOKED,BOOKED,BOOKED,,,,1751135787704,1751135787477,1751135788099,1751135788099,1751135784748,1751135788130
01JYVX73SJBSZYFGCQMPN16HY8,7,BOOKED,marriott-jakarta-107,toyota-avanza-007,argo-bromo-anggrek-7,2025-06-28,2025-06-28,2025-06-28,2025-06-28,01JYVX74QQB83V59G5XZVNDETF,01JYVX74R0S1EBWDZ87BTKJ1FK,01JYVX74QXD83MD5KAB39BWJFP,BOOKED,BOOKED,BOOKED,,,,1751135786687,1751135786608,1751135786531,1751135786687,1751135784754,1751135786713
01JYVX73SRZNCHW87ZCAKNP52J,3,BOOKED,marriott-jakarta-103,toyota-avanza-003,argo-bromo-anggrek-3,2025-06-28,2025-06-28,2025-06-28,2025-06-28,01JYVX7459G3PC353CC24AZ9R3,01JYVX74EC78SFNTVA0T196ZNY,01JYVX745T8B9X06HVWZQ96YNH,BOOKED,BOOKED,BOOKED,,,,1751135785809,1751135785435,1751135785230,1751135785809,1751135784760,1751135785840
01JYVX73T0GEEHADX1AKX5W3D6,8,BOOKED,marriott-jakarta-108,toyota-avanza-008,argo-bromo-anggrek-8,2025-06-28,2025-06-28,2025-06-28,2025-06-28,01JYVX75BQT9J9BR7HVE70QSBC,01JYVX75BHD94EH85Z0H5ZN7CF,01JYVX75AYXYYR0KE3Q3BPS741,BOOKED,BOOKED,BOOKED,,,,1751135788486,1751135788410,1751135788561,1751135788561,1751135784768,1751135788589
01JYVX73T78Z5NWYGGV9ZNZWKS,11,BOOKED,marriott-jakarta-111,toyota-avanza-011,argo-bromo-anggrek-11,2025-06-28,2025-06-28,2025-06-28,2025-06-28,01JYVX75486QXHRNB9D3JYFKDV,01JYVX75948YMD5Y9WQHFKTZBW,01JYVX758JJRXB85S548NVA7DW,BOOKED,BOOKED,BOOKED,,,,1751135788334,1751135788179,1751135787860,1751135788334,1751135784775,1751135788361
01JYVX73T88P40QN6K0JT9TJ42,12,BOOKED,marriott-jakarta-112,toyota-avanza-012,argo-bromo-anggrek-12,2025-06-28,2025-06-28,2025-06-28,2025-06-28,01JYVX74T4WCXSY2T3V669R554,01JYVX74TDT51Z0ZPEAQQR8HA2,01JYVX74T6PYYS3ZE4RVNSSSB4,BOOKED,BOOKED,BOOKED,,,,1751135786919,1751135786768,1751135786843,1751135786919,1751135784776,1751135786947
01JYVX73TV7TXBKGXARXHN9ZZX,13,BOOKED,marriott-jakarta-113,toyota-avanza-013,argo-bromo-anggrek-13,2025-06-28,2025-06-28,2025-06-28,2025-06-28,01JYVX74J1ZT468MKD867D7F9T,01JYVX74J4X6SN1YXAVDZKJ0ST,01JYVX74EZ4BTTY6KTDFBN7RH9,BOOKED,BOOKED,BOOKED,,,,1751135786209,1751135785981,1751135786136,1751135786209,1751135784795,1751135786238
01JYVX73WDD2M93DMA8WNMPGET,14,BOOKED,marriott-jakarta-114,toyota-avanza-014,argo-bromo-anggrek-14,2025-06-28,2025-06-28,2025-06-28,2025-06-28,01JYVX74EKEJ7Q7QT7M3YJCDP6,01JYVX749X7PE6W8H1VF3M6TW0,01JYVX74AGND0BFT0PMGRYDVAC,BOOKED,BOOKED,BOOKED,,,,1751135785647,1751135785726,1751135785902,1751135785902,1751135784845,1751135785928
01JYVX7402K4MJA0E9E7D30ZDQ,15,BOOKED,marriott-jakarta-115,toyota-avanza-015,argo-bromo-anggrek-15,2025-06-28,2025-06-28,2025-06-28,2025-06-28,01JYVX75E6Q138JTJCFDM1FZJN,01JYVX75DW7H46V2TA2RN7GFE9,01JYVX75D63BENGF7C7S25TFG3,BOOKED,BOOKED,BOOKED,,,,1751135788714,1751135788643,1751135788787,1751135788787,1751135784962,1751135788816
01JYVX742QCEPK2Z6NPH694W5W,16,BOOKED,marriott-jakarta-116,toyota-avanza-016,argo-bromo-anggrek-16,2025-06-28,2025-06-28,2025-06-28,2025-06-28,01JYVX75GJ45XZM73V0V1TSCCY,01JYVX75G61PNCQ3ABATVR6YZB,01JYVX75FJF3NG10DTDBM6G18X,BOOKED,BOOKED,BOOKED,,,,1751135788939,1751135788865,1751135789019,1751135789019,1751135785047,1751135789046
01JYVX745GHSTTJEEA2W4QTGY5,17,BOOKED,marriott-jakarta-117,toyota-avanza-017,argo-bromo-anggrek-17,2025-06-28,2025-06-28,2025-06-28,2025-06-28,01JYVX75JX8QAFTGHM3YHJY0V9,01JYVX75JKMB1Z5QC0SS1WEBR5,01JYVX75HTP0RX3QAT815DECYX,BOOKED,BOOKED,BOOKED,,,,1751135789173,1751135789097,1751135789255,1751135789255,1751135785136,1751135789289
01JYVX748KNXWJD4RFTP20E517,18,BOOKED,marriott-jakarta-118,toyota-avanza-018,argo-bromo-anggrek-18,2025-06-28,2025-06-28,2025-06-28,2025-06-28,01JYVX75NGGKH7D9T9DQC1C5FJ,01JYVX75MX5RT3021WF5NDA1E7,01JYVX75M3FTM7PMX6J7EQ21EM,BOOKED,BOOKED,BOOKED,,,,1751135789409,1751135789337,1751135789484,1751135789484,1751135785235,1751135789512
01JYVX74BFFBTJJRXFM61JAHSQ,19,BOOKED,marriott-jakarta-119,toyota-avanza-019,argo-bromo-anggrek-19,2025-06-28,2025-06-28,2025-06-28,2025-06-28,01JYVX75R1CYQTY4MW0B18BTQ8,01JYVX75Q772827PZXZTE131DM,01JYVX75PD5KCH346YA0WS19NK,BOOKED,BOOKED,BOOKED,,,,1751135789639,1751135789562,1751135789716,1751135789716,1751135785327,1751135789743
01JYVX74EJ6Q1DETCHXNYR6WYT,20,BOOKED,marriott-jakarta-120,toyota-avanza-020,argo-bromo-anggrek-20,2025-06-28,2025-06-28,2025-06-28,2025-06-28,01JYVX75TFFJ715QM22D497P2Y,01JYVX75SJEHWZQNTV450JAN82,01JYVX75RSPJHBKQVD9XNFCJ9C,BOOKED,BOOKED,BOOKED,,,,1751135789870,1751135789795,1751135789946,1751135789946,1751135785426,1751135789975
01JYVX74HJPWSBPPTWK7CB5PVV,21,BOOKED,marriott-jakarta-201,toyota-avanza-021,argo-bromo-anggrek-21,2025-06-28,2025-06-28,2025-06-28,2025-06-28,01JYVX75WWR32T07SZSSRX68MN,01JYVX75VZG8V52SHKXTYNCXTW,01JYVX75V8K8D9JESNDBN2MDY7,BOOKED,BOOKED,BOOKED,,,,1751135790098,1751135790026,1751135790168,1751135790168,1751135785522,1751135790193
01JYVX74MK247GXED4KCT89MXT,22,BOOKED,marriott-jakarta-202,toyota-avanza-022,argo-bromo-anggrek-22,2025-06-28,2025-06-28,2025-06-28,2025-06-28,01JYVX75Z2Q754W3SNFVXWR5FD,01JYVX75Y5BACFGKBRH4SKADHE,01JYVX75XKXECZT0D4DMGY6882,BOOKED,BOOKED,BOOKED,,,,1751135790320,1751135790246,1751135790400,1751135790400,1751135785619,1751135790424
01JYVX74QSAYFSZ37PAXYHNA16,23,BOOKED,marriott-jakarta-203,toyota-avanza-023,argo-bromo-anggrek-23,2025-06-28,2025-06-28,2025-06-28,2025-06-28,01JYVX761C22MZSQ4X0C4RTCK4,01JYVX760B6Z7ERRRRKT8N43F8,01JYVX760620JN037Y8KCG2QSQ,BOOKED,BOOKED,BOOKED,,,,1751135790476,1751135790552,1751135790629,1751135790629,1751135785721,1751135790657
01JYVX74TS44RRGB2NBK13XZ88,24,BOOKED,marriott-jakarta-204,toyota-avanza-024,argo-bromo-anggrek-24,2025-06-28,2025-06-28,2025-06-28,2025-06-28,01JYVX763WJ7FCCRN23SPE44DT,01JYVX762QTDHGS4Z1KM8CPB94,01JYVX762PKSGDN3F0GR5F6XYH,BOOKED,BOOKED,BOOKED,,,,1751135790785,1751135790709,1751135790856,1751135790856,1751135785817,1751135790882
01JYVX74XP5BFDZR0QMPRM2M9V,25,BOOKED,marriott-jakarta-205,toyota-avanza-025,argo-bromo-anggrek-25,2025-06-28,2025-06-28,2025-06-28,2025-06-28,01JYVX76666TXYZ7R4JETCC03G,01JYVX7655RHW4XX46NJCBMFNH,01JYVX764ZA7KKB510KDQXD1RS,BOOKED,BOOKED,BOOKED,,,,1751135791009,1751135790938,1751135791080,1751135791080,1751135785910,1751135791108
01JYVX750XCG81E493ZW6NR250,26,BOOKED,marriott-jakarta-206,toyota-avanza-026,argo-bromo-anggrek-26,2025-06-28,2025-06-28,2025-06-28,2025-06-28,01JYVX768PJ6ST70P4TYRPW8PY,01JYVX767C8NPA43VFS7HZYDW6,01JYVX767CR5479QJ455XQA405,BOOKED,BOOKED,BOOKED,,,,1751135791164,1751135791237,1751135791314,1751135791314,1751135786013,1751135791342
01JYVX7540C9JSDGT69WGVGEVN,27,BOOKED,marriott-jakarta-207,toyota-avanza-027,argo-bromo-anggrek-27,2025-06-28,2025-06-28,2025-06-28,2025-06-28,01JYVX76ATVS7NJT2NT3GTP39V,01JYVX769N8CVG567NG4G9Z1ZT,01JYVX769PQRBGSDMFRYG1N8QA,BOOKED,BOOKED,BOOKED,,,,1751135791418,1751135791524,1751135791615,1751135791615,1751135786112,1751135791640
01JYVX756W8S7YRV3C8DNM8BHX,28,BOOKED,marriott-jakarta-208,toyota-avanza-028,argo-bromo-anggrek-28,2025-06-28,2025-06-28,2025-06-28,2025-06-28,01JYVX76D755VH6DPB7KNYPW22,01JYVX76BZQNGB4ZSH9KRZV2XT,01JYVX76C17682JPPDZ57DMEGT,BOOKED,BOOKED,BOOKED,,,,1751135791709,1751135791798,1751135791881,1751135791881,1751135786204,1751135791912
01JYVX759T3FDZMSTSF8RN1YJN,29,BOOKED,marriott-jakarta-209,toyota-avanza-029,argo-bromo-anggrek-29,2025-06-28,2025-06-28,2025-06-28,2025-06-28,01JYVX76FHM4S9QMM7RZM1M2QP,01JYVX76EAZ1J8KSTRB0P3D2H6,01JYVX76EDP8V6RKFFVCNVJV8B,BOOKED,BOOKED,BOOKED,,,,1751135791969,1751135792053,1751135792127,1751135792127,1751135786298,1751135792155
01JYVX75CRX53N6XDPSJ9TZN52,30,BOOKED,marriott-jakarta-210,toyota-avanza-030,argo-bromo-anggrek-30,2025-06-28,2025-06-28,2025-06-28,2025-06-28,01JYVX76HQQK4FZV4AP4BGGPZY,01JYVX76GNEZTJPFSKQFW1W97Y,01JYVX76GSQ04ZZKDNDQHWHZ16,BOOKED,BOOKED,BOOKED,,,,1751135792204,1751135792277,1751135792355,1751135792355,1751135786392,1751135792398
01JYVX75GSQ7JQNCSGY8HCF2QA,31,BOOKED,marriott-jakarta-211,toyota-avanza-031,argo-bromo-anggrek-31,2025-06-28,2025-06-28,2025-06-28,2025-06-28,01JYVX76KZEF4D55WQEHVJB4BY,01JYVX76JWCJKEX6PVDG004A3X,01JYVX76JZ1KSXZFZVYE7WA5WV,BOOKED,BOOKED,BOOKED,,,,1751135792452,1751135792533,1751135792607,1751135792607,1751135786521,1751135792634
01JYVX75K9E4VVHFQWFPNHDE46,32,BOOKED,marriott-jakarta-212,toyota-avanza-032,argo-bromo-anggrek-32,2025-06-28,2025-06-28,2025-06-28,2025-06-28,01JYVX76PABV4WWDCRKC4KDA7D,01JYVX76N8X5YBN8ECB5F4D19E,01JYVX76NB7V4A0QJR91FJAR4Q,BOOKED,BOOKED,BOOKED,,,,1751135792759,1751135792684,1751135792835,1751135792835,1751135786601,1751135792869
01JYVX75NSD4FZPFT0ZCKYQ0XN,33,BOOKED,marriott-jakarta-213,toyota-avanza-033,argo-bromo-anggrek-33,2025-06-28,2025-06-28,2025-06-28,2025-06-28,01JYVX76RVERPD9Q42TJBG1XGQ,01JYVX76QK0SA3EMEEVEG7W9J5,01JYVX76QRRP5VNX5ANXCZSSRR,BOOKED,BOOKED,BOOKED,,,,1751135792921,1751135792993,1751135793073,1751135793073,1751135786681,1751135793102
01JYVX75S323T526C47YPTZY2M,34,BOOKED,marriott-jakarta-214,toyota-avanza-034,argo-bromo-anggrek-34,2025-06-28,2025-06-28,2025-06-28,2025-06-28,01JYVX76V4MCS6J1YTH1APNBCP,01JYVX76SWT4DSKTJVM0TEXET8,01JYVX76T2NKY7QBJA1J5PM3P8,BOOKED,BOOKED,BOOKED,,,,1751135793153,1751135793228,1751135793303,1751135793303,1751135786787,1751135793329
01JYVX75W5MAECBXHJH3KJBX5D,35,BOOKED,marriott-jakarta-215,toyota-avanza-035,argo-bromo-anggrek-35,2025-06-28,2025-06-28,2025-06-28,2025-06-28,01JYVX76XKKW1E66JC5WYSGR3F,01JYVX76W8P9J51XXEACJSN5ZB,01JYVX76WFHS3A0N0FE9DF94B7,BOOKED,BOOKED,BOOKED,,,,1751135793382,1751135793455,1751135793528,1751135793528,1751135786885,1751135793559
01JYVX75Z8EEPEJVKT7JTJQWKM,36,BOOKED,marriott-jakarta-216,toyota-avanza-036,argo-bromo-anggrek-36,2025-06-28,2025-06-28,2025-06-28,2025-06-28,01JYVX7708GS467MXE1W6DBT60,01JYVX76YGQWTR9PRV3HA4TQS9,01JYVX76YQ1EKJ5J8XGKVTZ2FA,BOOKED,BOOKED,BOOKED,,,,1751135793684,1751135793605,1751135793767,1751135793767,1751135786984,1751135793796
01JYVX761YM5BMEC376QQ3V348,37,BOOKED,marriott-jakarta-217,toyota-avanza-037,argo-bromo-anggrek-37,2025-06-28,2025-06-28,2025-06-28,2025-06-28,01JYVX772H5QXBX56HPSWD3EGK,01JYVX7710DJA73DSZ1JSYPXE3,01JYVX771349BPJXD7Q6JHN6Y1,BOOKED,BOOKED,BOOKED,,,,1751135793853,1751135793926,1751135794009,1751135794009,1751135787070,1751135794040
01JYVX7654FF4V9VSQPF054B2Y,38,BOOKED,marriott-jakarta-218,toyota-avanza-038,argo-bromo-anggrek-38,2025-06-28,2025-06-28,2025-06-28,2025-06-28,01JYVX774VDSK3SY1E5KDV0SZ7,01JYVX773EQ3HK8K5GWBH0RW8T,01JYVX773FS5AVPGHPAQMM7MSZ,BOOKED,BOOKED,BOOKED,,,,1751135794094,1751135794165,1751135794247,1751135794247,1751135787172,1751135794275
01JYVX7686N1R6T4A58ZXANT7Q,39,BOOKED,marriott-jakarta-219,toyota-avanza-039,argo-bromo-anggrek-39,2025-06-28,2025-06-28,2025-06-28,2025-06-28,01JYVX7772BGV7SBT8Y3FGKV7Z,01JYVX775M2241H0G40X4QTY2B,01JYVX775TY1NSBDWC65YRY8A3,BOOKED,BOOKED,BOOKED,,,,1751135794326,1751135794401,1751135794481,1751135794481,1751135787270,1751135794507
01JYVX76B8W8GWNGTM1DEZ40CY,40,BOOKED,marriott-jakarta-220,toyota-avanza-040,argo-bromo-anggrek-40,2025-06-28,2025-06-28,2025-06-28,2025-06-28,01JYVX779AK2D5BYQ4G4519Q8T,01JYVX777YHZVYS4WW26QJ0Q5Y,01JYVX7784GQSVQ6NTPCSPBNEY,BOOKED,BOOKED,BOOKED,,,,1751135794633,1751135794556,1751135794707,1751135794707,1751135787368,1751135794733
01JYVX76E5PQEM682TTRNZNV4Q,41,BOOKED,marriott-jakarta-301,toyota-avanza-041,argo-bromo-anggrek-41,2025-06-28,2025-06-28,2025-06-28,2025-06-28,01JYVX77BH84JFXJ75NXQVH16M,01JYVX77AEBPCY3BDNMZQGJMY9,01JYVX77AH7Q4H8B3CT9NW1ZWF,BOOKED,BOOKED,BOOKED,,,,1751135794785,1751135794861,1751135794942,1751135794942,1751135787461,1751135794974
01JYVX76HCKJG6RX579YRFFE7V,42,BOOKED,marriott-jakarta-302,toyota-avanza-042,argo-bromo-anggrek-42,2025-06-28,2025-06-28,2025-06-28,2025-06-28,01JYVX77DX0ME38DZYJMG1FZA4,01JYVX77CJZY726NQRCGFM3QMF,01JYVX77CRPNX8XK417F6EP4Y6,BOOKED,BOOKED,BOOKED,,,,1751135795034,1751135795112,1751135795187,1751135795187,1751135787564,1751135795214
01JYVX76MB6BEDMMW62NNX25DG,43,BOOKED,marriott-jakarta-303,toyota-avanza-043,argo-bromo-anggrek-43,2025-06-28,2025-06-28,2025-06-28,2025-06-28,01JYVX77GCKQSY458J78K3EA5E,01JYVX77ERKYXG9DZTW37J35FR,01JYVX77EYG4BSCT5D5P61QSVM,BOOKED,BOOKED,BOOKED,,,,1751135795265,1751135795342,1751135795419,1751135795419,1751135787659,1751135795446
01JYVX76QFFDMS5P5JJ7J3AJZ8,44,BOOKED,marriott-jakarta-304,toyota-avanza-044,argo-bromo-anggrek-44,2025-06-28,2025-06-28,2025-06-28,2025-06-28,01JYVX77JQ6ZSFGEP6E1XFTKP3,01JYVX77GV1GZEK1VCV47090GH,01JYVX77H7YS1FPJNSR4BQ0XX7,BOOKED,BOOKED,BOOKED,,,,1751135795494,1751135795569,1751135795645,1751135795645,1751135787759,1751135795671
01JYVX76TGDMQ78WHHHA29S2WW,45,BOOKED,marriott-jakarta-305,toyota-avanza-045,argo-bromo-anggrek-45,2025-06-28,2025-06-28,2025-06-28,2025-06-28,01JYVX77MXKW7P6T1HDZY5K3KA,01JYVX77K2VQKD32ZAV8V8RV7V,01JYVX77KHWCW7490XZQ0FZ36K,BOOKED,BOOKED,BOOKED,,,,1751135795722,1751135795797,1751135795873,1751135795873,1751135787856,1751135795899
01JYVX76XJ46Y805TWEY1B8R6V,46,BOOKED,marriott-jakarta-306,toyota-avanza-046,argo-bromo-anggrek-46,2025-06-28,2025-06-28,2025-06-28,2025-06-28,01JYVX77Q6C0NQAAPJ1HP21N2W,01JYVX77NABQYTEZ47X9TAMWKT,01JYVX77NY22HJ56T1G45VBGX4,BOOKED,BOOKED,BOOKED,,,,1751135795952,1751135796026,1751135796098,1751135796098,1751135787954,1751135796125
01JYVX770DAWP3G2WW13CTWB4J,47,BOOKED,marriott-jakarta-307,toyota-avanza-047,argo-bromo-anggrek-47,2025-06-28,2025-06-28,2025-06-28,2025-06-28,01JYVX77SDP4Y03PXF6AKX9KN0,01JYVX77QN52CJTDH5X7TGKK28,01JYVX77RDPY8W8WA7G0J429YX,BOOKED,BOOKED,BOOKED,,,,1751135796178,1751135796258,1751135796332,1751135796332,1751135788045,1751135796358
01JYVX773DPZ7QE7XRT1911E9J,48,BOOKED,marriott-jakarta-308,toyota-avanza-048,argo-bromo-anggrek-48,2025-06-28,2025-06-28,2025-06-28,2025-06-28,01JYVX77VYH3SHEXRJFX666FEC,01JYVX77SZ1027YYCF51V7646Y,01JYVX77TPKJA8M1V1PTBNQA4A,BOOKED,BOOKED,BOOKED,,,,1751135796411,1751135796488,1751135796565,1751135796565,1751135788142,1751135796591
01JYVX776C2GZNFNC1N2XDDB7B,49,BOOKED,marriott-jakarta-309,toyota-avanza-049,argo-bromo-anggrek-49,2025-06-28,2025-06-28,2025-06-28,2025-06-28,01JYVX77Y5QVBYGCBGK7N7FEG6,01JYVX77WA7M3TGP34EDZP1ST5,01JYVX77WWFKXJGN0HC4D5G43S,BOOKED,BOOKED,BOOKED,,,,1751135796644,1751135796721,1751135796800,1751135796800,1751135788236,1751135796827
01JYVX77986MVF6KX5Z6QJCPMC,50,BOOKED,marriott-jakarta-310,toyota-avanza-050,argo-bromo-anggrek-50,2025-06-28,2025-06-28,2025-06-28,2025-06-28,01JYVX780H6VCMRD7YECB7M18H,01JYVX77YV7DBFNDC4E601NDJX,01JYVX77Z5JHHZDQ9REXRJW0QH,BOOKED,BOOKED,BOOKED,,,,1751135796875,1751135796953,1751135797032,1751135797032,1751135788328,1751135797061
01JYVX77CEDS419MMDCQMNQSFQ,51,BOOKED,marriott-jakarta-311,toyota-avanza-051,argo-bromo-anggrek-51,2025-06-28,2025-06-28,2025-06-28,2025-06-28,01JYVX782R9FQW5F7D3MVDNCSM,01JYVX7814JD47ZHT6AGWM9WEB,01JYVX781FJ7FRKN706RM1E7PN,BOOKED,BOOKED,BOOKED,,,,1751135797119,1751135797252,1751135797331,1751135797331,1751135788430,1751135797356
01JYVX77FC5T0Z8J5VG4Q7ZJQF,52,BOOKED,marriott-jakarta-312,toyota-avanza-052,argo-bromo-anggrek-52,2025-06-28,2025-06-28,2025-06-28,2025-06-28,01JYVX7855M5WM69JDRJK2FQTP,01JYVX783C0XRF142E35NCYVBF,01JYVX783QZS4X4QNB56VEQC2A,BOOKED,BOOKED,BOOKED,,,,1751135797410,1751135797483,1751135797560,1751135797560,1751135788524,1751135797587
01JYVX77JMT0QSKW6Z3RZR78DY,53,BOOKED,marriott-jakarta-313,toyota-avanza-053,argo-bromo-anggrek-53,2025-06-28,2025-06-28,2025-06-28,2025-06-28,01JYVX787CX5ZT450132XJ5M2F,01JYVX785HPMG5X79GQ6FY2CT1,01JYVX78631VCNB5GJNJR3ZWAB,BOOKED,BOOKED,BOOKED,,,,1751135797643,1751135797719,1751135797799,1751135797799,1751135788628,1751135797826
01JYVX77NE1JY3NJF277YF86EN,54,BOOKED,marriott-jakarta-314,toyota-avanza-054,argo-bromo-anggrek-54,2025-06-28,2025-06-28,2025-06-28,2025-06-28,01JYVX789F2PHN3SKXZE89XV0M,01JYVX787Y4RY743WXVQ1PEV0N,01JYVX788H0F3X24V0QXRA16Y9,BOOKED,BOOKED,BOOKED,,,,1751135797878,1751135797955,1751135798033,1751135798033,1751135788718,1751135798059
01JYVX77RCXRWHMS1Y9ZSVHJWJ,55,BOOKED,marriott-jakarta-315,toyota-avanza-055,argo-bromo-anggrek-55,2025-06-28,2025-06-28,2025-06-28,2025-06-28,01JYVX78BQ6AXY3TSC3H7S37PQ,01JYVX78A2W2DDYQ0991YXAYXY,01JYVX78AY9HQZ9A9TRA2CV5FT,BOOKED,BOOKED,BOOKED,,,,1751135798110,1751135798188,1751135798266,1751135798266,1751135788812,1751135798294
01JYVX77VH8GX9GA0H0P8DG2KP,56,BOOKED,marriott-jakarta-316,toyota-avanza-056,argo-bromo-anggrek-56,2025-06-28,2025-06-28,2025-06-28,2025-06-28,01JYVX78E1PSF1HZ27AWCDR5FK,01JYVX78C986SWTGQTGNJ8JEPF,01JYVX78D1HGG3XM5WG16XTZJG,BOOKED,BOOKED,BOOKED,,,,1751135798348,1751135798420,1751135798493,1751135798493,1751135788913,1751135798518
01JYVX77YG9YZ2F7R3ED8NV7XV,57,BOOKED,marriott-jakarta-317,toyota-avanza-057,argo-bromo-anggrek-57,2025-06-28,2025-06-28,2025-06-28,2025-06-28,01JYVX78G881WW7S80QFMCG1HY,01JYVX78ECK7EVD0GAVSFQJXJZ,01JYVX78FB7YR76QFQNXVASTSD,BOOKED,BOOKED,BOOKED,,,,1751135798570,1751135798641,1751135798720,1751135798720,1751135789008,1751135798749
01JYVX781K20HTGKRDMGCHYQXC,58,BOOKED,marriott-jakarta-318,toyota-avanza-058,argo-bromo-anggrek-58,2025-06-28,2025-06-28,2025-06-28,2025-06-28,01JYVX78JG2NZEV7GX10W1SAKZ,01JYVX78GFTJQY8WT1HVC8EDVZ,01JYVX78HNDWCCT7J133AJN77N,BOOKED,BOOKED,BOOKED,,,,1751135798798,1751135798875,1751135798949,1751135798949,1751135789107,1751135798977
01JYVX784HGP47CX58QTGNNQ83,59,BOOKED,marriott-jakarta-319,toyota-avanza-059,argo-bromo-anggrek-59,2025-06-28,2025-06-28,2025-06-28,2025-06-28,01JYVX78MXZAKKXWNFQ9WE29HN,01JYVX78JRQPJ8H0XPQKCAGHEG,01JYVX78KRXQ9B7P8BF7TKGCM1,BOOKED,BOOKED,BOOKED,,,,1751135799027,1751135799103,1751135799178,1751135799178,1751135789201,1751135799206
01JYVX787NM9JHHC0M1MDRC0XW,60,BOOKED,marriott-jakarta-320,toyota-avanza-060,argo-bromo-anggrek-60,2025-06-28,2025-06-28,2025-06-28,2025-06-28,01JYVX78Q4Q807TG5D91HJ4171,01JYVX78N57HQ79VVSGM149VEY,01JYVX78P2TW5JRWGHH1VCV326,BOOKED,BOOKED,BOOKED,,,,1751135799256,1751135799338,1751135799414,1751135799414,1751135789301,1751135799442
01JYVX78AM2ZDSFH8F77JMPGQE,61,BOOKED,marriott-jakarta-401,toyota-avanza-061,argo-bromo-anggrek-61,2025-06-28,2025-06-28,2025-06-28,2025-06-28,01JYVX78SBR7WKXFSF9KH97JD6,01JYVX78QEBMG61MC1YXM9NEW1,01JYVX78RH5KDPMQY5RPE8Q9P1,BOOKED,BOOKED,BOOKED,,,,1751135799496,1751135799569,1751135799644,1751135799644,1751135789396,1751135799669
01JYVX78DQPDE5QZK80ECN9N7H,62,BOOKED,marriott-jakarta-402,toyota-avanza-062,argo-bromo-anggrek-62,2025-06-28,2025-06-28,2025-06-28,2025-06-28,01JYVX78VQNGJPMAH65N6WSJJ2,01JYVX78SZQ02RHMGXYT7JGDNY,01JYVX78V00N2BYHQ7N0QY1XNM,BOOKED,BOOKED,BOOKED,,,,1751135799723,1751135799802,1751135799883,1751135799883,1751135789495,1751135799910
01JYVX78GM1NRYBY3CQT0792DE,63,BOOKED,marriott-jakarta-403,toyota-avanza-063,argo-bromo-anggrek-63,2025-06-28,2025-06-28,2025-06-28,2025-06-28,01JYVX78Y5QAMD5TNHDWKQ3C5T,01JYVX78W8VEH9R6C16SR977PN,01JYVX78X2D2NM5JP00W789GG7,BOOKED,BOOKED,BOOKED,,,,1751135799960,1751135800033,1751135800111,1751135800111,1751135789588,1751135800139
01JYVX78KR3JTCJKRWJT92FACP,64,BOOKED,marriott-jakarta-404,toyota-avanza-064,argo-bromo-anggrek-64,2025-06-28,2025-06-28,2025-06-28,2025-06-28,01JYVX790CSZ3BPJKG5EHFA3CV,01JYVX78YG3ZJMTV76R361PV05,01JYVX78ZB49N7DYTH66SV7T1B,BOOKED,BOOKED,BOOKED,,,,1751135800190,1751135800265,1751135800343,1751135800343,1751135789688,1751135800372
01JYVX78PVK4THE44NZK68CT83,65,BOOKED,marriott-jakarta-405,toyota-avanza-065,argo-bromo-anggrek-65,2025-06-28,2025-06-28,2025-06-28,2025-06-28,01JYVX792K4S6C25S1H0Y3NK4Y,01JYVX790JMNE1MK4BC4NMWPA8,01JYVX791QJQ7S2D14YZFJWM0R,BOOKED,BOOKED,BOOKED,,,,1751135800419,1751135800497,1751135800573,1751135800573,1751135789787,1751135800604
01JYVX78T0EDFTWYF8V3PR9SE2,66,BOOKED,marriott-jakarta-406,toyota-avanza-066,argo-bromo-anggrek-66,2025-06-28,2025-06-28,2025-06-28,2025-06-28,01JYVX794S7E9T1SZ7WWECSHPW,01JYVX792QEE3YMRD0T4Y5E3VT,01JYVX7940KS4TZSD5CDB8RM7E,BOOKED,BOOKED,BOOKED,,,,1751135800656,1751135800732,1751135800808,1751135800808,1751135789888,1751135800835
01JYVX78WZX03PN9E8FRF85B2B,67,BOOKED,marriott-jakarta-407,toyota-avanza-067,argo-bromo-anggrek-67,2025-06-28,2025-06-28,2025-06-28,2025-06-28,01JYVX7974VNZBG3J9WN4ZTWA2,01JYVX7954ZMY16CQ0NHKC9GEQ,01JYVX7969H7GP7CJT5HHQ70WE,BOOKED,BOOKED,BOOKED,,,,1751135800889,1751135800963,1751135801049,1751135801049,1751135789983,1751135801079
01JYVX79015CWYD8N0HAY985BZ,68,BOOKED,marriott-jakarta-408,toyota-avanza-068,argo-bromo-anggrek-68,2025-06-28,2025-06-28,2025-06-28,2025-06-28,01JYVX799CDF011FBPDJECPKB7,01JYVX797D2EB7QZ6N32WQSG2J,01JYVX798GD0VMDPDAWVFEQ7MH,BOOKED,BOOKED,BOOKED,,,,1751135801143,1751135801220,1751135801296,1751135801296,1751135790081,1751135801327
01JYVX7930JPAKJT2EEM0RXWWN,69,BOOKED,marriott-jakarta-409,toyota-avanza-069,argo-bromo-anggrek-69,2025-06-28,2025-06-28,2025-06-28,2025-06-28,01JYVX79C1F9310AJK78SJN7RS,01JYVX799HJ7P7TJP4NYEFVHVJ,01JYVX79ASBEGASB4QT0P5C0C5,BOOKED,BOOKED,BOOKED,,,,1751135801378,1751135801464,1751135801631,1751135801631,1751135790176,1751135801658
01JYVX79612YZD5AHA3V7ZWN90,70,BOOKED,marriott-jakarta-410,toyota-avanza-070,argo-bromo-anggrek-70,2025-06-28,2025-06-28,2025-06-28,2025-06-28,01JYVX79E5ATDFCBZ2EK0BEVBQ,01JYVX79BKY1ZZ7MMEWAY6FZFJ,01JYVX79D3EJ5ZPH9ZXJQHC85R,BOOKED,BOOKED,BOOKED,,,,1751135801548,1751135801707,1751135801865,1751135801865,1751135790273,1751135801892
01JYVX799HGD46W0WQ3KQGSZNR,71,BOOKED,marriott-jakarta-411,toyota-avanza-071,argo-bromo-anggrek-71,2025-06-28,2025-06-28,2025-06-28,2025-06-28,01JYVX79GDCE60F9F24SXNWWAP,01JYVX79DS701AZZ5WRV2VGMMS,01JYVX79FD371262G68G1AJJ62,BOOKED,BOOKED,BOOKED,,,,1751135801784,1751135801942,1751135802099,1751135802099,1751135790385,1751135802124
01JYVX79CCDK0DC7DCYFRGPN6A,72,BOOKED,marriott-jakarta-412,toyota-avanza-072,argo-bromo-anggrek-72,2025-06-28,2025-06-28,2025-06-28,2025-06-28,01JYVX79JR2PW99S8NTH04W9AF,01JYVX79G1DNHB20M2JHC535DD,01JYVX79HT5T8DFMSNTZT1KTN9,BOOKED,BOOKED,BOOKED,,,,1751135802025,1751135802176,1751135802337,1751135802337,1751135790476,1751135802363
01JYVX79FCNJ540YGFFKXHKYXF,73,BOOKED,marriott-jakarta-413,toyota-avanza-073,argo-bromo-anggrek-73,2025-06-28,2025-06-28,2025-06-28,2025-06-28,01JYVX79NCGPYD9T0EY5CJBWEP,01JYVX79JAGTFA9NF5F9B02TE5,01JYVX79M7487HV8A45AS2JTJS,BOOKED,BOOKED,BOOKED,,,,1751135802252,1751135802409,1751135802562,1751135802562,1751135790572,1751135802588
01JYVX79J9NVY4KV0YJG5M72SP,74,BOOKED,marriott-jakarta-414,toyota-avanza-074,argo-bromo-anggrek-74,2025-06-28,2025-06-28,2025-06-28,2025-06-28,01JYVX79QQTE2NERFKRD0AZ02G,01JYVX79MS8CXMJ4JM18A3HRES,01JYVX79PGZ7M6BMQ4GK0YQV6P,BOOKED,BOOKED,BOOKED,,,,1751135802489,1751135802635,1751135802707,1751135802707,1751135790665,1751135802733
01JYVX79NGT4B8PCP6S3A9BJMB,75,BOOKED,marriott-jakarta-415,toyota-avanza-075,argo-bromo-anggrek-75,2025-06-28,2025-06-28,2025-06-28,2025-06-28,01JYVX79SZY36JNPBHYQZF4MNT,01JYVX79QX2NV9VKAE9PJAQWQ3,01JYVX79RW4J16KCZ0MB0SY50S,BOOKED,BOOKED,BOOKED,,,,1751135802784,1751135802858,1751135802937,1751135802937,1751135790768,1751135802965
01JYVX79RG2WQ63Z09DWNNM9DT,76,BOOKED,marriott-jakarta-416,toyota-avanza-076,argo-bromo-anggrek-76,2025-06-28,2025-06-28,2025-06-28,2025-06-28,01JYVX79W78YFVTSZAWA9D1K31,01JYVX79TQ9JDNSVQDSQWEPKJM,01JYVX79V55NQ33WZRMRNBDBVS,BOOKED,BOOKED,BOOKED,,,,1751135803026,1751135803106,1751135803182,1751135803182,1751135790864,1751135803210
01JYVX79VG25EESACJMPY2VARP,77,BOOKED,marriott-jakarta-417,toyota-avanza-077,argo-bromo-anggrek-77,2025-06-28,2025-06-28,2025-06-28,2025-06-28,01JYVX79YEZVE52B73HJY5ZGAK,01JYVX79XNJ8X63ZVCKJ1R5FFV,01JYVX79XW8DMS9S62N4ASZS10,BOOKED,BOOKED,BOOKED,,,,1751135803262,1751135803342,1751135803419,1751135803419,1751135790960,1751135803444
01JYVX79YD2KDM9DE2PEEV4TKH,78,BOOKED,marriott-jakarta-418,toyota-avanza-078,argo-bromo-anggrek-78,2025-06-28,2025-06-28,2025-06-28,2025-06-28,01JYVX7A0QCR59Z1RHE0F0ND10,01JYVX7A0VTW64CBX2EFF7JEYS,01JYVX7A0V2G6G54QKK3NFNDNM,BOOKED,BOOKED,BOOKED,,,,1751135803646,1751135803569,1751135803494,1751135803646,1751135791053,1751135803672
01JYVX7A1K0M1HH35HYKQABHJB,79,BOOKED,marriott-jakarta-419,toyota-avanza-079,argo-bromo-anggrek-79,2025-06-28,2025-06-28,2025-06-28,2025-06-28,01JYVX7A3Z87704YX0TE8BEYQP,01JYVX7A3ZFSGAMBJX6VG19PA5,01JYVX7A466ZMXVCHV1B3ZNEZW,BOOKED,BOOKED,BOOKED,,,,1751135803727,1751135803876,1751135803804,1751135803876,1751135791155,1751135803901
01JYVX7A4NEQEAEHAJPPTHSGS1,80,BOOKED,marriott-jakarta-420,toyota-avanza-080,argo-bromo-anggrek-80,2025-06-28,2025-06-28,2025-06-28,2025-06-28,01JYVX7A7JZ590JW66RACTD2DA,01JYVX7A6ZCCEXM3FTGSEYWV1D,01JYVX7A71T16SNM5ABP625Z81,BOOKED,BOOKED,BOOKED,,,,1751135803952,1751135804029,1751135804102,1751135804102,1751135791253,1751135804130
01JYVX7A7NNK0XTW0HHWXSEAKB,81,BOOKED,marriott-jakarta-501,toyota-avanza-081,argo-bromo-anggrek-81,2025-06-28,2025-06-28,2025-06-28,2025-06-28,01JYVX7A9ZBCAQYD3RMYZV7WTQ,01JYVX7A9TA7XD3Z9XJJYTRXQ7,01JYVX7AAG18HZ8WBFJMMDWQY4,BOOKED,BOOKED,BOOKED,,,,1751135804179,1751135804332,1751135804255,1751135804332,1751135791349,1751135804361
01JYVX7AAJGE9JFTS387SYWJXK,82,BOOKED,marriott-jakarta-502,toyota-avanza-082,argo-bromo-anggrek-82,2025-06-28,2025-06-28,2025-06-28,2025-06-28,01JYVX7ACSCF3EQH487MV4KSB8,01JYVX7AD33A4STFK1MZZDJCXR,01JYVX7AD0Q8NE4ZDE20BGACP0,BOOKED,BOOKED,BOOKED,,,,1751135804567,1751135804487,1751135804416,1751135804567,1751135791442,1751135804597
01JYVX7ADQGVDMTBXXFWXWETMW,83,BOOKED,marriott-jakarta-503,toyota-avanza-083,argo-bromo-anggrek-83,2025-06-28,2025-06-28,2025-06-28,2025-06-28,01JYVX7AG2MA13W2ZC52TZS0EK,01JYVX7AG1G2MWW4FTHYH46V1C,01JYVX7AG3M9NK2QEVKBZEMQ7K,BOOKED,BOOKED,BOOKED,,,,1751135804727,1751135804801,1751135804649,1751135804801,1751135791543,1751135804827
01JYVX7AGV24KGB2NJSMKDRRZ2,84,BOOKED,marriott-jakarta-504,toyota-avanza-084,argo-bromo-anggrek-84,2025-06-28,2025-06-28,2025-06-28,2025-06-28,01JYVX7AK3YZS9ZX5Y9X4J9H6M,01JYVX7AK07E2KJF637JCPHDZG,01JYVX7AK80C66A9SSQHXC55XN,BOOKED,BOOKED,BOOKED,,,,1751135804878,1751135805036,1751135804955,1751135805036,1751135791643,1751135805062
01JYVX7AKMR9EG1Z9MMT244106,85,BOOKED,marriott-jakarta-505,toyota-avanza-085,argo-bromo-anggrek-85,2025-06-28,2025-06-28,2025-06-28,2025-06-28,01JYVX7AP3AD3Z3DS9GTZX8J00,01JYVX7AP2TY94XGMZVV2FZNXV,01JYVX7AP4RQPVNDVXYP02GN4R,BOOKED,BOOKED,BOOKED,,,,1751135805115,1751135805191,1751135805265,1751135805265,1751135791732,1751135805292
01JYVX7APN4N150PD44FFM9B5R,86,BOOKED,marriott-jakarta-506,toyota-avanza-086,argo-bromo-anggrek-86,2025-06-28,2025-06-28,2025-06-28,2025-06-28,01JYVX7AS8Y591MHW4RWDTSYJZ,01JYVX7AS8CEK9BYDG9JQ7P633,01JYVX7AS8BN642W2X826NBS62,BOOKED,BOOKED,BOOKED,,,,1751135805345,1751135805421,1751135805496,1751135805496,1751135791829,1751135805522
01JYVX7AT0C537YQA9M4BZP6J4,87,BOOKED,marriott-jakarta-507,toyota-avanza-087,argo-bromo-anggrek-87,2025-06-28,2025-06-28,2025-06-28,2025-06-28,01JYVX7AW63CXQ1EC21ZN1JS3E,01JYVX7AW9ETRH3J8GQKSHRQRE,01JYVX7AWF09F0C1SRNB9V45CS,BOOKED,BOOKED,BOOKED,,,,1751135805649,1751135805724,1751135805571,1751135805724,1751135791936,1751135805750
01JYVX7AWW1SFKZA2RT4Q8F2ET,88,BOOKED,marriott-jakarta-508,toyota-avanza-088,argo-bromo-anggrek-88,2025-06-28,2025-06-28,2025-06-28,2025-06-28,01JYVX7AZ83Y7P1DVKCE3P88FT,01JYVX7AZ7DYWX581RM2BFSJRW,01JYVX7AZ999EEEAZA8ZBKQ5KS,BOOKED,BOOKED,BOOKED,,,,1751135805796,1751135805948,1751135805869,1751135805948,1751135792028,1751135805979
01JYVX7AZQT9ZJS5DRTEV9WB91,89,BOOKED,marriott-jakarta-509,toyota-avanza-089,argo-bromo-anggrek-89,2025-06-28,2025-06-28,2025-06-28,2025-06-28,01JYVX7B1ZGWBC288Y5C5PT57M,01JYVX7B20TE32KR4V1PJ6MV3K,01JYVX7B22DW1QFXNADJPYVY4Y,BOOKED,BOOKED,BOOKED,,,,1751135806186,1751135806033,1751135806110,1751135806186,1751135792119,1751135806211
01JYVX7B35GTK708QK50RZNV4X,90,BOOKED,marriott-jakarta-510,toyota-avanza-090,argo-bromo-anggrek-90,2025-06-28,2025-06-28,2025-06-28,2025-06-28,01JYVX7B5BA3Q8E6H8XSJ84FMG,01JYVX7B5RRW02VHBJJQ4H5JQV,01JYVX7B5R3YG3F32F8N783MTY,BOOKED,BOOKED,BOOKED,,,,1751135806411,1751135806335,1751135806259,1751135806411,1751135792229,1751135806435
01JYVX7B61SPKNB1ZPHWQE9NGF,91,BOOKED,marriott-jakarta-511,toyota-avanza-091,argo-bromo-anggrek-91,2025-06-28,2025-06-28,2025-06-28,2025-06-28,01JYVX7B8ENG9KW7GKPA1787B9,01JYVX7B8EZ66N8NYDT049QNRG,01JYVX7B8EASX0M1KKY5B3CTKR,BOOKED,BOOKED,BOOKED,,,,1751135806562,1751135806484,1751135806637,1751135806637,1751135792321,1751135806664
01JYVX7B922P0FB5ER3Y9GRMV7,92,BOOKED,marriott-jakarta-512,toyota-avanza-092,argo-bromo-anggrek-92,2025-06-28,2025-06-28,2025-06-28,2025-06-28,01JYVX7BBJ7D00JTAF77DS0W7T,01JYVX7BBJ87JN0NQZ690J18HX,01JYVX7BBJXM8PPZW7FSTJ4WFJ,BOOKED,BOOKED,BOOKED,,,,1751135806790,1751135806712,1751135806875,1751135806875,1751135792418,1751135806901
01JYVX7BBVX0XDCRQC7DK2C2W4,93,BOOKED,marriott-jakarta-513,toyota-avanza-093,argo-bromo-anggrek-93,2025-06-28,2025-06-28,2025-06-28,2025-06-28,01JYVX7BE3PATHTCXDA62GS8YA,01JYVX7BE3W4Z20XJAE1F1RCHF,01JYVX7BE6ANJ3VCTK93WW18RQ,BOOKED,BOOKED,BOOKED,,,,1751135807024,1751135807098,1751135806950,1751135807098,1751135792507,1751135807124
01JYVX7BEWP5J4GKWJ2M3A3WTQ,94,BOOKED,marriott-jakarta-514,toyota-avanza-094,argo-bromo-anggrek-94,2025-06-28,2025-06-28,2025-06-28,2025-06-28,01JYVX7BH4VXFK063XEMHPANWW,01JYVX7BH4W1XD3MQ2RVN38ZHJ,01JYVX7BH68EPE4WPDTH1PFEQS,BOOKED,BOOKED,BOOKED,,,,1751135807174,1751135807258,1751135807333,1751135807333,1751135792604,1751135807361
01JYVX7BJ47RSC21X7SH458BY7,95,BOOKED,marriott-jakarta-515,toyota-avanza-095,argo-bromo-anggrek-95,2025-06-28,2025-06-28,2025-06-28,2025-06-28,01JYVX7BMH8WJKKZPCRTTZD3R9,01JYVX7BMPQTRJ95ZCX87P9EVQ,01JYVX7BMR6BTK364CYCCGS5AE,BOOKED,BOOKED,BOOKED,,,,1751135807537,1751135807616,1751135807458,1751135807616,1751135792709,1751135807643
01JYVX7BNA4F8PK4A988RQTP8P,96,BOOKED,marriott-jakarta-516,toyota-avanza-096,argo-bromo-anggrek-96,2025-06-28,2025-06-28,2025-06-28,2025-06-28,01JYVX7BQSGTJ0K5NFA737RGD4,01JYVX7BQTR9QKT2GT36WKEXKM,01JYVX7BQSD3VQ6R2WV9983DAD,BOOKED,BOOKED,BOOKED,,,,1751135807768,1751135807693,1751135807842,1751135807842,1751135792810,1751135807869
01JYVX7BQZ9JVH1S49JNBGC6AV,97,BOOKED,marriott-jakarta-517,toyota-avanza-097,argo-bromo-anggrek-97,2025-06-28,2025-06-28,2025-06-28,2025-06-28,01JYVX7BT6JTVBQZDGE1TB9B0S,01JYVX7BV0XAQEXEZ9Z7VD270B,01JYVX7BTX0XYG7GBEBFH45Z1H,BOOKED,BOOKED,BOOKED,,,,1751135808084,1751135808012,1751135807921,1751135808084,1751135792895,1751135808111
01JYVX7BVADC2DKF6F9HT8SKJ4,98,BOOKED,marriott-jakarta-518,toyota-avanza-098,argo-bromo-anggrek-98,2025-06-28,2025-06-28,2025-06-28,2025-06-28,01JYVX7BXGTV8GM7ZGXKVBM382,01JYVX7BY8JYN8TH9XEFE2TZ21,01JYVX7BY8Z3ADZY32EMNMXMS9,BOOKED,BOOKED,BOOKED,,,,1751135808241,1751135808312,1751135808162,1751135808312,1751135793002,1751135808340
01JYVX7BXZ6GZHYG6WRYCE2W5P,99,BOOKED,marriott-jakarta-519,toyota-avanza-099,argo-bromo-anggrek-99,2025-06-28,2025-06-28,2025-06-28,2025-06-28,01JYVX7C07Z6175CJ1V1N4WW2S,01JYVX7C12JWBS2XMATB4WWQR5,01JYVX7C17YSZJ5RXDT9CGNGVT,BOOKED,BOOKED,BOOKED,,,,1751135808465,1751135808543,1751135808390,1751135808543,1751135793087,1751135808570
01JYVX7C1ABE26WN16N76ZF5WF,100,BOOKED,marriott-jakarta-520,toyota-avanza-100,argo-bromo-anggrek-100,2025-06-28,2025-06-28,2025-06-28,2025-06-28,01JYVX7C3MGSJEA2C919YF7JZM,01JYVX7C46BY5KPY1K262ZC27V,01JYVX7C467TXHWVXWASX80HDY,BOOKED,BOOKED,BOOKED,,,,1751135808765,1751135808689,1751135808618,1751135808765,1751135793194,1751135808793
